{
    "pools":[
        {
            "rolls":1,
            "entries":[
                {
                    "type":"item",
                    "name":"minecraft:arrow",
                    "functions": [
                        {
                            "function":"set_count",
                            "count": {
                                "min": 3,
                                "max": 8
                            }
                        }
                    ]
                }
            ]
        },
        {
            "rolls":1,
            "entries":[
                {
                    "type":"item",
                    "name":"minecraft:pumpkin",
                    "functions": [
                        {
                            "function":"set_count",
                            "count": {
                                "min": 3,
                                "max": 8
                            }
                        }
                    ]
                }
            ]
        },
        {
            "rolls":1,
            "entries":[
                {
                    "type":"item",
                    "name":"minecraft:sand",
                    "functions": [
                        {
                            "function":"set_count",
                            "count": {
                                "min": 3,
                                "max": 8
                            }
                        }
                    ]
                }
            ]
        },
        {
            "rolls":1,
            "entries":[
                {
                    "type":"item",
                    "name":"minecraft:bread",
                    "functions": [
                        {
                            "function":"set_count",
                            "count": {
                                "min": 3,
                                "max": 8
                            }
                        }
                    ]
                }
            ]
        }
    ]
}