{
    "pools":
    [
        {
            "rolls": 1,
            "entries": 
            [
                {
                    "type": "item",
                    "name": "minecraft:cake"
                }
            ]
        },
        {
            "rolls": 1,
            "entries": 
            [
                {
                    "type": "item",
                    "name": "minecraft:cookie",
                    "functions": 
                    [
                        {
                            "function": "set_count",
                            "count": {
                                "max": 8,
                                "min": 3
                            }
                        }
                    ]
                }
            ]
        },
        {
            "rolls": 1,
            "entries": 
            [
                {
                    "type": "item",
                    "name": "minecraft:pumpkin_pie",
                    "functions": 
                    [
                        {
                            "function": "set_count",
                            "count": {
                                "max": 8,
                                "min": 3
                            }
                        }
                    ]
                }
            ]
        }
    ]
}