{
    "pools":[
        {
            "rolls":2,
            "entries":[
                {
                    "type":"minecraft:item",
                    "name":"mossy_cobblestone",
                    "functions": [
                        {
                            "function":"set_count",
                            "count": {
                                "min": 4,
                                "max": 8
                            }
                        }
                    ]
                }
            ]
        },
        {
            "rolls":2,
            "entries":[
                {
                    "type":"minecraft:item",
                    "name":"mossy_stone_bricks",
                    "functions": [
                        {
                            "function":"set_count",
                            "count": {
                                "min": 4,
                                "max": 8
                            }
                        }
                    ]
                }
            ]
        },
        {
            "rolls":1,
            "entries":[
                {
                    "type":"minecraft:loot_table",
                    "name":"ctov:village/common/butcher"
                }
            ]
        }
    ]
}